Params,Score
{'n_neighbors': 1},0.95
{'n_neighbors': 2},0.9416666666666668
{'n_neighbors': 3},0.9583333333333334
{'n_neighbors': 4},0.9583333333333334
{'n_neighbors': 5},0.9583333333333334
{'n_neighbors': 6},0.9583333333333334
{'n_neighbors': 7},0.9583333333333334
{'n_neighbors': 8},0.9666666666666666
{'n_neighbors': 9},0.9583333333333334
{'n_neighbors': 10},0.975
