Params,Score
{'n_neighbors': 1},0.7206058407400688
{'n_neighbors': 2},0.7611010339198259
{'n_neighbors': 3},0.7489751496462905
{'n_neighbors': 4},0.7503627788862689
{'n_neighbors': 5},0.7382006167241066
{'n_neighbors': 6},0.753047342644658
{'n_neighbors': 7},0.7530564121168148
{'n_neighbors': 8},0.75168692182115
{'n_neighbors': 9},0.7490114275349173
{'n_neighbors': 10},0.7598040994014148
